Model,RMSE,MAE
ARIMA,13.947280418886157,12.156139436121823
Manual_LSTM,2.5777420163309115,2.104092377856058
NAS_LSTM,2.6164743337223038,2.1436419288150663
